subject,group,n_trials,median_trial_ptp,median_trial_rms,trial_ptp_cv,bad_trial_fraction,flat_channels,noisy_channels
4,weak,576,36.03326567856058,5.815860642648444,0.18476838060435363,0.010416666666666666,0,0
7,weak,576,36.36577007357475,5.762069392776687,0.14524346544480815,0.001736111111111111,0,0
6,weak,576,55.36513620749209,8.681858203489249,0.21832877204967427,0.003472222222222222,0,0
2,weak,576,43.41299622054831,6.707304880720711,0.3531795800260496,0.029513888888888888,0,0
5,weak,576,36.45546258573345,5.405292754710979,0.13344129169338595,0.0,0,0
1,reference,576,38.77821509705008,6.261263615240359,0.13178638479619537,0.003472222222222222,0,0
3,reference,576,48.91146189400746,7.806556810666794,0.2565338466657754,0.012152777777777778,0,0
8,reference,576,59.80502661495781,9.586274045181556,0.1468351466261763,0.005208333333333333,0,0
9,reference,576,64.85974044026632,10.464774233205407,0.16542643804583776,0.0,0,0
