condition,scale,subject,epoch,accuracy,auc,fmeasure
both_train_test,0.1,1,43,0.6336805555555556,0.8715117026748972,0.6107125597506213
both_train_test,0.1,2,34,0.3263888888888889,0.603342817644033,0.2994689234201238
both_train_test,0.1,3,51,0.703125,0.9217705118312757,0.7012578517594481
both_train_test,0.1,4,24,0.4010416666666667,0.7054157021604938,0.37302359167319243
both_train_test,0.1,5,15,0.2465277777777778,0.4876221707818929,0.10242409199966906
both_train_test,0.1,6,17,0.3576388888888889,0.655446244855967,0.34770715133783553
both_train_test,0.1,7,31,0.3506944444444444,0.661450295781893,0.33660144543659726
both_train_test,0.1,8,26,0.6840277777777778,0.8990282600308642,0.678681629548125
both_train_test,0.1,9,39,0.609375,0.8538612397119342,0.6069921859643002
both_train_test,0.2,1,47,0.6128472222222222,0.8870482896090536,0.5990799202477671
both_train_test,0.2,2,28,0.3472222222222222,0.6277126736111112,0.32706415512419157
both_train_test,0.2,3,27,0.7048611111111112,0.9094851144547326,0.7003218683311679
both_train_test,0.2,4,25,0.4027777777777778,0.6893888245884773,0.3987456253030357
both_train_test,0.2,5,15,0.25,0.5321863747427983,0.1
both_train_test,0.2,6,16,0.2934027777777778,0.6004734117798354,0.2889569998165678
both_train_test,0.2,7,32,0.3732638888888889,0.6435908564814814,0.3466822503928041
both_train_test,0.2,8,54,0.6996527777777778,0.9089144483024693,0.6902834585165436
both_train_test,0.2,9,19,0.4375,0.774707433127572,0.40793482921845603
both_train_test,0.3,1,,0.625,0.8669785236625515,0.6104666084617684
both_train_test,0.3,2,24,0.296875,0.6238948366769548,0.2339496084439905
both_train_test,0.3,3,43,0.6979166666666666,0.917088638117284,0.7002632995065347
both_train_test,0.3,4,24,0.4131944444444444,0.6857799639917697,0.37458309266056755
both_train_test,0.3,5,15,0.25,0.49216338734567894,0.1
both_train_test,0.3,6,16,0.2795138888888889,0.613964441872428,0.23391663873888946
both_train_test,0.3,7,18,0.2934027777777778,0.6214755336934156,0.2218356260707685
both_train_test,0.3,8,,0.6649305555555556,0.9024803883744855,0.6583697506373027
both_train_test,0.3,9,40,0.6284722222222222,0.8552075295781894,0.6278146364393336
both_train_test,0.4,1,,0.6388888888888888,0.869530446244856,0.603925337419481
both_train_test,0.4,2,33,0.3107638888888889,0.5860178755144033,0.30317965736802016
both_train_test,0.4,3,54,0.6805555555555556,0.914014274691358,0.6773054051184028
both_train_test,0.4,4,25,0.3854166666666667,0.6943560313786009,0.3235390177020405
both_train_test,0.4,5,15,0.2534722222222222,0.5143188978909464,0.112987012987013
both_train_test,0.4,6,17,0.3038194444444444,0.6319806134259259,0.26722025482682055
both_train_test,0.4,7,42,0.3506944444444444,0.6533524627057613,0.32010275760444024
both_train_test,0.4,8,47,0.6597222222222222,0.8912197788065842,0.6474831445977797
both_train_test,0.4,9,31,0.5954861111111112,0.8408805941358025,0.5998182778805802
train_only,0.1,1,25,0.6163194444444444,0.846535011574074,0.6056698078965097
train_only,0.1,2,21,0.3177083333333333,0.5907560120884773,0.2806826351083722
train_only,0.1,3,37,0.6892361111111112,0.8994341563786009,0.6879559282000086
train_only,0.1,4,17,0.3732638888888889,0.6964940200617283,0.33084152002851663
train_only,0.1,5,15,0.2465277777777778,0.5328293788580246,0.10232625622672534
train_only,0.1,6,15,0.2569444444444444,0.5436639981995884,0.22003313357122556
train_only,0.1,7,20,0.3975694444444444,0.639134034207819,0.40316568870944913
train_only,0.1,8,34,0.6840277777777778,0.8752250514403292,0.6857210987313557
train_only,0.1,9,23,0.6006944444444444,0.8473789544753085,0.6063950527204018
train_only,0.2,1,,0.6423611111111112,0.8684614519032922,0.6286715774014411
train_only,0.2,2,16,0.2934027777777778,0.5666433577674898,0.26122825951384726
train_only,0.2,3,30,0.6336805555555556,0.8729343492798355,0.6330673681242441
train_only,0.2,4,29,0.4340277777777778,0.6899554719650207,0.4389884290013963
train_only,0.2,5,15,0.25,0.5258929719650206,0.1
train_only,0.2,6,15,0.2725694444444444,0.5491657021604938,0.22384903127226774
train_only,0.2,7,39,0.4097222222222222,0.6789038387345679,0.4064629672685939
train_only,0.2,8,32,0.65625,0.8746061599794239,0.6564937312624363
train_only,0.2,9,18,0.546875,0.8029112011316872,0.5259628037320816
train_only,0.3,1,33,0.6128472222222222,0.8630561985596709,0.5737692477760203
train_only,0.3,2,15,0.3020833333333333,0.5678811406893004,0.22597953631449474
train_only,0.3,3,50,0.6493055555555556,0.8780341756687241,0.6493060917617939
train_only,0.3,4,29,0.4253472222222222,0.6951798804012346,0.4057046005309863
train_only,0.3,5,15,0.2552083333333333,0.5570023148148148,0.11648091300460005
train_only,0.3,6,15,0.2569444444444444,0.5245587384259259,0.20572830119913416
train_only,0.3,7,36,0.40625,0.6623746141975309,0.4098679316816636
train_only,0.3,8,24,0.6232638888888888,0.852125128600823,0.6246339533690022
train_only,0.3,9,15,0.3194444444444444,0.7301713605967078,0.2102371825828212
train_only,0.4,1,18,0.6354166666666666,0.8730910815329218,0.6361191952510725
train_only,0.4,2,15,0.2725694444444444,0.5425226658950617,0.19976221391178095
train_only,0.4,3,37,0.6666666666666666,0.8810562950102881,0.6662744124327172
train_only,0.4,4,45,0.4027777777777778,0.6931745113168724,0.3792102499896202
train_only,0.4,5,15,0.2604166666666667,0.5494510352366255,0.15426721609925845
train_only,0.4,6,15,0.2708333333333333,0.5628938400205761,0.27051364438191716
train_only,0.4,7,16,0.3003472222222222,0.6499445408950617,0.2781228361839963
train_only,0.4,8,31,0.640625,0.8608338155864197,0.6405864343820548
train_only,0.4,9,25,0.5746527777777778,0.8243192193930042,0.5805738799693094
test_only,0.1,1,38,0.6215277777777778,0.877805105452675,0.6008510209514675
test_only,0.1,2,24,0.3072916666666667,0.6261775012860081,0.23651448481276519
test_only,0.1,3,33,0.7222222222222222,0.9330713091563786,0.7116127708342438
test_only,0.1,4,23,0.3819444444444444,0.689967528292181,0.357353661501813
test_only,0.1,5,15,0.25,0.5013603555812757,0.1
test_only,0.1,6,16,0.2586805555555556,0.5821076067386831,0.22132664853605705
test_only,0.1,7,37,0.3454861111111111,0.6615306712962963,0.3205427326320833
test_only,0.1,8,50,0.6666666666666666,0.9011461548353911,0.6584942646745621
test_only,0.1,9,28,0.6145833333333334,0.8443287037037037,0.6113436277771981
test_only,0.2,1,,0.6666666666666666,0.8812090084876543,0.6516828795056876
test_only,0.2,2,23,0.2916666666666667,0.5875188882458848,0.2710778346863422
test_only,0.2,3,27,0.5954861111111112,0.9167550797325102,0.5896920166181416
test_only,0.2,4,21,0.4288194444444444,0.6931463798868313,0.3819158181747552
test_only,0.2,5,15,0.24131944444444445,0.5237851240997943,0.1088196633991701
test_only,0.2,6,16,0.3090277777777778,0.619016042952675,0.29614652857337864
test_only,0.2,7,24,0.3420138888888889,0.6615427276234568,0.3013013316960751
test_only,0.2,8,50,0.7065972222222222,0.9012626993312759,0.7081405691891993
test_only,0.2,9,34,0.6319444444444444,0.859109760802469,0.6360958943494552
test_only,0.3,1,,0.5815972222222222,0.8543233989197531,0.5740198556463617
test_only,0.3,2,17,0.2673611111111111,0.5444155092592592,0.22059271398541522
test_only,0.3,3,33,0.6145833333333334,0.8816349987139916,0.6105136871742348
test_only,0.3,4,20,0.4444444444444444,0.6900961291152264,0.42528191085357614
test_only,0.3,5,15,0.24305555555555555,0.5160469714506173,0.10752669944058314
test_only,0.3,6,16,0.2795138888888889,0.5853226273148149,0.24060095525681602
test_only,0.3,7,23,0.3628472222222222,0.6419994212962963,0.3567955343470317
test_only,0.3,8,32,0.6788194444444444,0.8832425090020576,0.6781969153820809
test_only,0.3,9,37,0.6163194444444444,0.8586234889403291,0.6231400276369444
test_only,0.4,1,,0.6232638888888888,0.8636750900205761,0.602750166247216
test_only,0.4,2,16,0.2586805555555556,0.5149819958847736,0.24337863836364504
test_only,0.4,3,46,0.6666666666666666,0.891163515946502,0.6599223015376441
test_only,0.4,4,17,0.3472222222222222,0.6648943865740741,0.3155007824926508
test_only,0.4,5,15,0.25,0.5138848701131687,0.1
test_only,0.4,6,16,0.2569444444444444,0.5847680362654321,0.1374496585269419
test_only,0.4,7,25,0.3576388888888889,0.6429518711419753,0.3374661527623113
test_only,0.4,8,38,0.5486111111111112,0.8672839506172839,0.5320219133977523
test_only,0.4,9,29,0.6024305555555556,0.843922807355967,0.6090811554995375
