condition,scale,subject,epoch,accuracy,auc,fmeasure
both_train_test,0.5,1,41,0.625,0.8672638567386831,0.5987615053918127
both_train_test,0.5,2,15,0.23958333333333334,0.4935096772119341,0.12933622601991926
both_train_test,0.5,3,39,0.7447916666666666,0.9357799639917695,0.7464706347968799
both_train_test,0.5,4,19,0.4600694444444444,0.7112027391975309,0.4219583799830279
both_train_test,0.5,5,15,0.2465277777777778,0.513573414994856,0.10518221939123709
both_train_test,0.5,6,16,0.3090277777777778,0.6030012217078189,0.26338687911774067
both_train_test,0.5,7,40,0.3524305555555556,0.6499927662037037,0.34826622629326387
both_train_test,0.5,8,51,0.6666666666666666,0.9077490033436213,0.6654648129136144
both_train_test,0.5,9,36,0.6336805555555556,0.8685378086419754,0.6365382081686429
both_train_test,1.5,1,32,0.625,0.8678948045267489,0.5843965757849108
both_train_test,1.5,2,15,0.24131944444444445,0.5180965470679012,0.15017645464053972
both_train_test,1.5,3,58,0.6631944444444444,0.9322916666666666,0.655736197242665
both_train_test,1.5,4,25,0.3836805555555556,0.7060988940329218,0.37036950113342193
both_train_test,1.5,5,15,0.25,0.5224810313786008,0.1
both_train_test,1.5,6,16,0.2795138888888889,0.598118409207819,0.23185731046653207
both_train_test,1.5,7,27,0.3611111111111111,0.6882273984053499,0.32543109911530965
both_train_test,1.5,8,31,0.65625,0.8928031764403292,0.6502816404536582
both_train_test,1.5,9,23,0.5625,0.8065481931584362,0.5526094292715275
both_train_test,2.0,1,56,0.640625,0.8755505722736624,0.6051544456310707
both_train_test,2.0,2,26,0.3142361111111111,0.5997661072530865,0.2771904893894912
both_train_test,2.0,3,38,0.7170138888888888,0.9276901684670782,0.7050723445671321
both_train_test,2.0,4,22,0.4236111111111111,0.6942435056584362,0.3837291153023895
both_train_test,2.0,5,15,0.25,0.528686021090535,0.12234963047819651
both_train_test,2.0,6,17,0.2934027777777778,0.624658404063786,0.2744252873563218
both_train_test,2.0,7,31,0.4010416666666667,0.6722326710390947,0.4025970360929215
both_train_test,2.0,8,40,0.6545138888888888,0.9043692129629628,0.6392458568186251
both_train_test,2.0,9,28,0.5902777777777778,0.8484358924897121,0.584208128704364
both_train_test,2.5,1,43,0.6388888888888888,0.8725726594650206,0.6260413828431713
both_train_test,2.5,2,27,0.3211805555555556,0.6106449331275721,0.2736452359149937
both_train_test,2.5,3,46,0.6944444444444444,0.9289158950617283,0.6973281528418955
both_train_test,2.5,4,20,0.4010416666666667,0.7246334876543211,0.34156974405286844
both_train_test,2.5,5,15,0.2465277777777778,0.5241066261574074,0.10568181818181818
both_train_test,2.5,6,17,0.3229166666666667,0.633178208590535,0.3064798360907847
both_train_test,2.5,7,37,0.3628472222222222,0.6612373006687243,0.3448878963343668
both_train_test,2.5,8,39,0.6961805555555556,0.9081669560185185,0.6913271928542819
both_train_test,2.5,9,22,0.5815972222222222,0.7986191486625515,0.5697789714445458
train_only,0.5,1,24,0.5625,0.8533548739711935,0.5487457648305321
train_only,0.5,2,15,0.28125,0.5580954218106996,0.20237114573778142
train_only,0.5,3,30,0.5694444444444444,0.8459321952160496,0.5822870012870013
train_only,0.5,4,17,0.3611111111111111,0.6488795653292182,0.36610097773033096
train_only,0.5,5,15,0.265625,0.5405454282407407,0.17403999509262666
train_only,0.5,6,15,0.2465277777777778,0.5822884516460906,0.1918334758073697
train_only,0.5,7,15,0.3315972222222222,0.6047735018004116,0.27160098910885677
train_only,0.5,8,45,0.6215277777777778,0.8594151877572016,0.6147954029035354
train_only,0.5,9,15,0.3541666666666667,0.7364205568415638,0.2845637343490044
train_only,1.5,1,28,0.6041666666666666,0.8647641782407408,0.583486518997001
train_only,1.5,2,24,0.3072916666666667,0.5506446116255144,0.2633578527284561
train_only,1.5,3,27,0.6145833333333334,0.8596281828703702,0.600142129315915
train_only,1.5,4,22,0.3333333333333333,0.6587376221707818,0.2819039539205936
train_only,1.5,5,15,0.25,0.5247958461934156,0.1
train_only,1.5,6,15,0.3177083333333333,0.5722575874485597,0.2938567810889255
train_only,1.5,7,58,0.3472222222222222,0.646142779063786,0.326140463874272
train_only,1.5,8,29,0.6163194444444444,0.8531418788580246,0.6092228886953445
train_only,1.5,9,25,0.578125,0.8286072530864198,0.5797682288432732
train_only,2.0,1,24,0.5885416666666666,0.8678425604423868,0.5684589699046532
train_only,2.0,2,15,0.24305555555555555,0.5091186021090536,0.16272061988807576
train_only,2.0,3,21,0.6267361111111112,0.8445617926954734,0.6116157217805773
train_only,2.0,4,42,0.359375,0.6474930877057612,0.3522266357669055
train_only,2.0,5,15,0.24479166666666666,0.5232044110082305,0.09901685393258428
train_only,2.0,6,18,0.375,0.6600356867283951,0.36303176525004077
train_only,2.0,7,41,0.3576388888888889,0.6558883101851852,0.323684393730673
train_only,2.0,8,32,0.6319444444444444,0.854761445473251,0.6192012589757262
train_only,2.0,9,18,0.5642361111111112,0.7988642939814815,0.5556342055562136
train_only,2.5,1,33,0.4496527777777778,0.8295114776234568,0.4082510658197488
train_only,2.5,2,22,0.2673611111111111,0.5619554558899177,0.1419642846733673
train_only,2.5,3,44,0.5625,0.8394057034465021,0.5436675099930856
train_only,2.5,4,,0.3940972222222222,0.6821992348251028,0.3341731972006517
train_only,2.5,5,15,0.2604166666666667,0.5435816132973251,0.17311777200849657
train_only,2.5,6,30,0.4045138888888889,0.6847471386316872,0.36458489248579784
train_only,2.5,7,25,0.2777777777777778,0.6073816872427984,0.1637871588023011
train_only,2.5,8,24,0.4357638888888889,0.8280727559156379,0.39643188472363916
train_only,2.5,9,,0.5920138888888888,0.8475196116255144,0.5834566761616518
test_only,0.5,1,,0.53125,0.8443086098251028,0.47209513006289006
test_only,0.5,2,15,0.2482638888888889,0.5047140239197531,0.1058874380090086
test_only,0.5,3,39,0.6892361111111112,0.9195240162037036,0.5967553964627018
test_only,0.5,4,42,0.3576388888888889,0.698881172839506,0.291335422484656
test_only,0.5,5,15,0.25,0.520529915766461,0.1
test_only,0.5,6,41,0.4079861111111111,0.6924270190329218,0.4092454219940599
test_only,0.5,7,30,0.2690972222222222,0.6031901041666666,0.17066712874718418
test_only,0.5,8,,0.609375,0.8812532150205761,0.5890355338170234
test_only,0.5,9,56,0.625,0.8630682548868313,0.6225675857478243
test_only,1.5,1,,0.640625,0.8781587577160493,0.6308127946340043
test_only,1.5,2,16,0.3003472222222222,0.5525012860082305,0.29153184570887675
test_only,1.5,3,42,0.7100694444444444,0.9298080632716049,0.7127523005873887
test_only,1.5,4,20,0.46875,0.6984029385288065,0.4442577241899639
test_only,1.5,5,15,0.234375,0.5181809413580247,0.12442694421417826
test_only,1.5,6,15,0.2760416666666667,0.5561222029320988,0.21649531842116448
test_only,1.5,7,22,0.390625,0.6590591242283951,0.35723910480932064
test_only,1.5,8,26,0.6805555555555556,0.895925765174897,0.6812780651497234
test_only,1.5,9,15,0.2743055555555556,0.6739004629629629,0.14881263957576574
test_only,2.0,1,23,0.4895833333333333,0.8376334233539096,0.46041884156859847
test_only,2.0,2,17,0.2795138888888889,0.5723259066358025,0.24302465516958677
test_only,2.0,3,47,0.6840277777777778,0.9181335198045267,0.6853407121338366
test_only,2.0,4,16,0.3315972222222222,0.6548152970679011,0.2877181567837885
test_only,2.0,5,15,0.2725694444444444,0.5243095743312757,0.18289403096679963
test_only,2.0,6,15,0.2552083333333333,0.513697997042181,0.11435356743446716
test_only,2.0,7,16,0.34375,0.6321172518004116,0.30398502176238584
test_only,2.0,8,25,0.6024305555555556,0.8553361304012346,0.6060152912573032
test_only,2.0,9,15,0.25,0.6958108281893005,0.100418410041841
test_only,2.5,1,36,0.5555555555555556,0.8605886702674898,0.5562095016702743
test_only,2.5,2,15,0.2586805555555556,0.5185868377057613,0.15355076975007204
test_only,2.5,3,15,0.2604166666666667,0.6829366801697531,0.12155700296352598
test_only,2.5,4,15,0.2569444444444444,0.6241540477109053,0.13818184268494826
test_only,2.5,5,15,0.2760416666666667,0.5164649241255145,0.16381706978037253
test_only,2.5,6,15,0.25,0.5663941936728396,0.100418410041841
test_only,2.5,7,15,0.2534722222222222,0.5999590084876543,0.11387797070089986
test_only,2.5,8,22,0.6319444444444444,0.8637393904320988,0.6228550519973826
test_only,2.5,9,15,0.2638888888888889,0.6554824138374485,0.12951559934318554
