model,seed,test_subject,trial_in_subject,y_true,y_pred,prob_class_0,prob_class_1,prob_class_2,prob_class_3
eegnet,42,1,0,3,1,0.24625856,0.27025473,0.24953449,0.23395222
eegnet,42,1,1,0,1,0.24073704,0.26813388,0.24411432,0.24701472
eegnet,42,1,2,2,1,0.24354656,0.27393,0.2528044,0.22971898
eegnet,42,1,3,1,1,0.24065246,0.27451277,0.2511072,0.23372759
eegnet,42,1,4,1,1,0.24268036,0.27205804,0.25442585,0.2308358
eegnet,42,1,5,2,1,0.24453792,0.2749884,0.24729446,0.23317926
eegnet,42,1,6,0,1,0.2440853,0.27790982,0.24664211,0.23136275
eegnet,42,1,7,3,1,0.24658047,0.27017638,0.24967867,0.23356447
eegnet,42,1,8,2,1,0.2441261,0.26458496,0.25511867,0.23617032
eegnet,42,1,9,0,1,0.24545515,0.27430105,0.2485514,0.23169242
eegnet,42,1,10,1,1,0.24662755,0.26868805,0.24968363,0.23500073
eegnet,42,1,11,1,1,0.2422398,0.27434325,0.24804823,0.23536877
eegnet,42,1,12,1,1,0.2463811,0.27227145,0.24865718,0.2326903
eegnet,42,1,13,3,1,0.23966387,0.26402918,0.24954411,0.24676283
eegnet,42,1,14,2,1,0.24252371,0.2728783,0.25247732,0.2321207
eegnet,42,1,15,2,1,0.24378654,0.26966164,0.25117353,0.2353783
eegnet,42,1,16,1,1,0.24564669,0.27228138,0.25195384,0.2301181
eegnet,42,1,17,1,1,0.2474841,0.2664533,0.2541795,0.23188312
eegnet,42,1,18,0,1,0.24515821,0.26943436,0.24934472,0.23606274
eegnet,42,1,19,1,1,0.24408452,0.2729866,0.25048372,0.23244523
eegnet,42,1,20,2,1,0.24415417,0.27335897,0.24801235,0.23447455
eegnet,42,1,21,3,1,0.24041809,0.2660397,0.24838905,0.24515317
eegnet,42,1,22,3,1,0.23828179,0.2771848,0.2513327,0.2332007
eegnet,42,1,23,0,1,0.24402463,0.27360836,0.25016603,0.23220097
eegnet,42,1,24,1,1,0.24252181,0.27779236,0.24875438,0.23093148
eegnet,42,1,25,3,1,0.23978947,0.27292418,0.25357258,0.23371376
eegnet,42,1,26,3,1,0.24491812,0.27277762,0.24734864,0.23495562
eegnet,42,1,27,2,1,0.24471945,0.26860976,0.2516447,0.23502605
eegnet,42,1,28,3,1,0.24331078,0.26717937,0.24992633,0.23958352
eegnet,42,1,29,3,1,0.2428143,0.272118,0.25509384,0.22997385
eegnet,42,1,30,2,1,0.24472913,0.2738563,0.2520646,0.22934996
eegnet,42,1,31,1,1,0.24407533,0.27437124,0.2500941,0.23145932
eegnet,42,1,32,2,1,0.24563664,0.27097425,0.25126922,0.23211989
eegnet,42,1,33,0,1,0.24467516,0.26919612,0.24988672,0.23624203
eegnet,42,1,34,0,1,0.24292594,0.2712568,0.25341064,0.23240665
eegnet,42,1,35,0,1,0.23998109,0.26660153,0.25519425,0.23822314
eegnet,42,1,36,3,1,0.24340922,0.2650864,0.25096098,0.24054338
eegnet,42,1,37,0,1,0.23996326,0.2761358,0.24806206,0.23583886
eegnet,42,1,38,1,1,0.24340548,0.27461463,0.24675196,0.2352279
eegnet,42,1,39,3,1,0.24291496,0.26641956,0.25306112,0.23760438
eegnet,42,1,40,2,1,0.2427212,0.27616078,0.24529767,0.23582032
eegnet,42,1,41,0,1,0.24422936,0.26871893,0.25169957,0.23535211
eegnet,42,1,42,2,1,0.24218045,0.26898974,0.25564396,0.2331859
eegnet,42,1,43,0,1,0.24388173,0.27282432,0.2524672,0.23082678
eegnet,42,1,44,3,1,0.2460175,0.26940796,0.24877961,0.23579496
eegnet,42,1,45,2,1,0.24680322,0.27437028,0.24741447,0.23141198
eegnet,42,1,46,0,1,0.24559651,0.26933137,0.2515308,0.23354128
eegnet,42,1,47,1,1,0.24394791,0.26889563,0.24997437,0.23718208
eegnet,42,1,48,1,1,0.24009496,0.27395514,0.25146988,0.23448004
eegnet,42,1,49,1,1,0.2430541,0.26954123,0.2504043,0.23700033
eegnet,42,1,50,3,1,0.24462815,0.26865292,0.25094014,0.23577882
eegnet,42,1,51,2,1,0.24217623,0.27394664,0.2505539,0.23332323
eegnet,42,1,52,1,1,0.24706955,0.26456034,0.24867381,0.23969632
eegnet,42,1,53,0,1,0.24387918,0.2708303,0.2498311,0.23545946
eegnet,42,1,54,1,1,0.2465321,0.26770714,0.24769592,0.23806484
eegnet,42,1,55,0,1,0.24649486,0.2686736,0.24809697,0.2367346
eegnet,42,1,56,2,1,0.24745792,0.27242157,0.24752687,0.2325936
eegnet,42,1,57,3,1,0.24332763,0.27329287,0.24718782,0.23619165
eegnet,42,1,58,1,1,0.24187787,0.2710073,0.25471613,0.23239875
eegnet,42,1,59,0,1,0.24477248,0.26747775,0.2481294,0.2396204
eegnet,42,1,60,0,1,0.24417545,0.2657642,0.24263406,0.2474263
eegnet,42,1,61,1,1,0.24205214,0.27379102,0.25217465,0.23198225
eegnet,42,1,62,0,1,0.2435068,0.2751164,0.24354072,0.23783606
eegnet,42,1,63,2,1,0.24270403,0.27526274,0.24871095,0.23332228
eegnet,42,1,64,3,1,0.24446738,0.26814988,0.244095,0.24328773
eegnet,42,1,65,3,1,0.24297655,0.2670132,0.25092262,0.23908763
eegnet,42,1,66,3,1,0.24490602,0.27009347,0.24906802,0.2359325
eegnet,42,1,67,0,1,0.2394081,0.27032337,0.2494966,0.24077193
eegnet,42,1,68,1,1,0.2421214,0.27283117,0.252567,0.23248038
eegnet,42,1,69,3,1,0.23990178,0.26647422,0.24823567,0.24538833
eegnet,42,1,70,2,1,0.24710009,0.27402422,0.24914284,0.22973283
eegnet,42,1,71,3,1,0.24491262,0.27111867,0.24559997,0.23836878
eegnet,42,1,72,2,1,0.24428515,0.26878116,0.2515312,0.23540246
eegnet,42,1,73,1,1,0.24385859,0.27661538,0.25397328,0.22555271
eegnet,42,1,74,0,1,0.2451385,0.2698413,0.24795996,0.23706023
eegnet,42,1,75,2,1,0.24775551,0.26957908,0.2445531,0.23811227
eegnet,42,1,76,1,1,0.24317509,0.274101,0.25028032,0.23244362
eegnet,42,1,77,0,1,0.24365295,0.2662258,0.25100398,0.23911726
eegnet,42,1,78,0,1,0.23807761,0.2671313,0.25048372,0.2443074
eegnet,42,1,79,1,1,0.24737014,0.27429718,0.24446939,0.23386323
eegnet,42,1,80,0,1,0.2412779,0.26892793,0.24426638,0.24552777
eegnet,42,1,81,3,1,0.24220376,0.2676069,0.25342876,0.23676062
eegnet,42,1,82,3,1,0.2488741,0.26502275,0.24133874,0.24476437
eegnet,42,1,83,2,1,0.2427106,0.272601,0.2522133,0.23247507
eegnet,42,1,84,1,1,0.24200085,0.27351457,0.24846509,0.23601946
eegnet,42,1,85,2,1,0.24579106,0.27030393,0.24717352,0.23673153
eegnet,42,1,86,3,1,0.24251531,0.27428636,0.2521092,0.23108913
eegnet,42,1,87,2,1,0.24181825,0.27009434,0.24966496,0.2384225
eegnet,42,1,88,3,1,0.23853818,0.26782686,0.25670174,0.23693329
eegnet,42,1,89,0,1,0.24352688,0.27115205,0.24834917,0.23697188
eegnet,42,1,90,2,1,0.24369127,0.27577436,0.25076875,0.22976562
eegnet,42,1,91,2,1,0.24627756,0.2695741,0.24629308,0.23785526
eegnet,42,1,92,2,1,0.24326892,0.2716752,0.24943547,0.23562042
eegnet,42,1,93,0,1,0.24305737,0.2630227,0.255322,0.23859799
eegnet,42,1,94,3,1,0.24103147,0.27372232,0.2520614,0.23318486
eegnet,42,1,95,1,1,0.24580806,0.27460635,0.24745129,0.23213428
eegnet,42,1,96,2,1,0.2459687,0.27309322,0.24786665,0.23307143
eegnet,42,1,97,3,1,0.24697502,0.2661036,0.2508892,0.23603222
eegnet,42,1,98,1,1,0.24663049,0.2720136,0.24847203,0.2328839
eegnet,42,1,99,0,1,0.24201734,0.27271387,0.24990536,0.2353634
eegnet,42,1,100,0,1,0.24556579,0.26969048,0.25117713,0.2335666
eegnet,42,1,101,3,1,0.24764526,0.26842663,0.24908006,0.23484801
eegnet,42,1,102,1,1,0.24288547,0.27320558,0.24954946,0.23435943
eegnet,42,1,103,1,1,0.24290214,0.27419466,0.24994172,0.23296146
eegnet,42,1,104,0,1,0.24935451,0.26500976,0.24369963,0.24193612
eegnet,42,1,105,2,1,0.24207424,0.27161357,0.25361392,0.23269828
eegnet,42,1,106,3,1,0.24610591,0.2700024,0.25095445,0.23293722
eegnet,42,1,107,3,1,0.24480641,0.26205418,0.24908029,0.24405912
eegnet,42,1,108,3,1,0.24269581,0.25666195,0.25251502,0.24812724
eegnet,42,1,109,2,1,0.24311936,0.27400142,0.24735801,0.23552126
eegnet,42,1,110,1,1,0.24006021,0.27351016,0.2544661,0.23196353
eegnet,42,1,111,0,1,0.24582489,0.2712095,0.2514762,0.2314894
eegnet,42,1,112,2,1,0.24485758,0.27477834,0.25050393,0.22986011
eegnet,42,1,113,3,1,0.24209481,0.2721576,0.2506657,0.2350819
eegnet,42,1,114,1,1,0.24379894,0.27637956,0.24817187,0.23164962
eegnet,42,1,115,3,1,0.23690927,0.27927846,0.24761751,0.23619477
eegnet,42,1,116,0,1,0.24112637,0.27452743,0.25271735,0.23162885
eegnet,42,1,117,2,1,0.24170245,0.27227414,0.25251862,0.23350477
eegnet,42,1,118,3,1,0.2446599,0.27246436,0.2476537,0.23522209
eegnet,42,1,119,3,1,0.24606703,0.26496083,0.24835113,0.24062105
eegnet,42,1,120,1,1,0.24330467,0.26914483,0.2463668,0.24118367
eegnet,42,1,121,2,1,0.24480876,0.2704998,0.25039,0.23430142
eegnet,42,1,122,2,1,0.24283512,0.27454686,0.24644618,0.23617189
eegnet,42,1,123,0,1,0.24611889,0.26486388,0.25412387,0.23489335
eegnet,42,1,124,3,1,0.24279965,0.2704715,0.2539791,0.23274973
eegnet,42,1,125,2,1,0.24830015,0.2682802,0.2476284,0.23579127
eegnet,42,1,126,1,1,0.24730927,0.26841012,0.24919067,0.23508994
eegnet,42,1,127,1,1,0.24232146,0.27244157,0.25285006,0.23238686
eegnet,42,1,128,3,1,0.24455978,0.26729998,0.24839969,0.23974054
eegnet,42,1,129,2,1,0.24209382,0.27184692,0.25449467,0.23156457
eegnet,42,1,130,1,1,0.24351275,0.26968944,0.2526531,0.23414475
eegnet,42,1,131,0,1,0.24583843,0.27320397,0.24765101,0.23330656
eegnet,42,1,132,2,1,0.24458462,0.26915795,0.25193992,0.23431745
eegnet,42,1,133,2,1,0.24267317,0.27888107,0.24919462,0.22925112
eegnet,42,1,134,0,1,0.24493428,0.27269933,0.24725302,0.23511335
eegnet,42,1,135,1,1,0.24422641,0.27199125,0.24863102,0.23515135
eegnet,42,1,136,3,1,0.23953891,0.2696679,0.2510088,0.23978437
eegnet,42,1,137,0,1,0.24749859,0.27022716,0.24910341,0.23317082
eegnet,42,1,138,0,1,0.242726,0.2645685,0.24440871,0.2482968
eegnet,42,1,139,0,1,0.24487498,0.2704237,0.24622884,0.23847245
eegnet,42,1,140,0,1,0.24425425,0.27164307,0.24622549,0.2378772
eegnet,42,1,141,1,1,0.24773224,0.2663736,0.24900034,0.2368938
eegnet,42,1,142,2,1,0.24790342,0.26891738,0.24986592,0.23331329
eegnet,42,1,143,1,1,0.2423229,0.27168077,0.24870361,0.23729269
eegnet,42,1,144,2,1,0.24414083,0.27248287,0.25314522,0.23023105
eegnet,42,1,145,1,1,0.24814044,0.2710927,0.24670093,0.23406588
eegnet,42,1,146,1,1,0.24245536,0.28051814,0.24299748,0.23402902
eegnet,42,1,147,0,1,0.2398446,0.27088588,0.2520716,0.23719794
eegnet,42,1,148,0,1,0.24369738,0.26528838,0.25126067,0.23975353
eegnet,42,1,149,2,1,0.24274223,0.27027118,0.25434726,0.23263934
eegnet,42,1,150,0,1,0.2440859,0.26871982,0.25357273,0.23362154
eegnet,42,1,151,3,1,0.24391478,0.26851952,0.2530191,0.23454662
eegnet,42,1,152,1,1,0.2442791,0.27050626,0.2503038,0.23491086
eegnet,42,1,153,3,1,0.24775253,0.26608407,0.24319234,0.24297108
eegnet,42,1,154,1,1,0.24333562,0.26684025,0.2516798,0.23814437
eegnet,42,1,155,1,1,0.24369426,0.2718445,0.25000668,0.2344546
eegnet,42,1,156,2,1,0.24266645,0.27365714,0.25306255,0.2306139
eegnet,42,1,157,3,1,0.24222021,0.27529612,0.24977279,0.23271085
eegnet,42,1,158,0,1,0.24419777,0.2711067,0.2519313,0.23276424
eegnet,42,1,159,2,1,0.24239282,0.27123562,0.25079623,0.23557538
eegnet,42,1,160,3,1,0.2464105,0.2698904,0.24813615,0.23556295
eegnet,42,1,161,0,1,0.24279872,0.2764718,0.24751063,0.23321888
eegnet,42,1,162,3,1,0.24430592,0.26739246,0.24705318,0.24124844
eegnet,42,1,163,0,1,0.2452263,0.2623629,0.24981646,0.24259436
eegnet,42,1,164,3,1,0.2439623,0.27249825,0.24772641,0.23581307
eegnet,42,1,165,2,1,0.2422053,0.26899555,0.25263512,0.23616399
eegnet,42,1,166,2,1,0.2480759,0.26569307,0.25046563,0.23576538
eegnet,42,1,167,3,1,0.24791251,0.26451263,0.24953456,0.2380403
eegnet,42,1,168,1,1,0.24512736,0.26576915,0.25083497,0.23826852
eegnet,42,1,169,2,1,0.23858032,0.26854366,0.24962075,0.24325527
eegnet,42,1,170,2,1,0.24471907,0.26695544,0.24919856,0.23912697
eegnet,42,1,171,2,1,0.24449807,0.26646346,0.2497772,0.2392613
eegnet,42,1,172,0,1,0.24531294,0.2603749,0.25168186,0.2426303
eegnet,42,1,173,3,1,0.24210262,0.26932156,0.2527446,0.23583117
eegnet,42,1,174,1,1,0.24438049,0.26830617,0.24183457,0.24547881
eegnet,42,1,175,3,1,0.2421069,0.2719121,0.24885434,0.2371267
eegnet,42,1,176,1,1,0.23970532,0.27647805,0.24676596,0.23705071
eegnet,42,1,177,0,1,0.24576436,0.26720938,0.2561671,0.23085915
eegnet,42,1,178,1,1,0.24401167,0.27114666,0.25302875,0.23181291
eegnet,42,1,179,3,1,0.24141866,0.2691884,0.25036547,0.23902749
eegnet,42,1,180,1,1,0.24527256,0.27031192,0.24853088,0.23588465
eegnet,42,1,181,0,1,0.24110597,0.27585605,0.2499336,0.23310436
eegnet,42,1,182,1,1,0.24411914,0.26744875,0.2486721,0.23976
eegnet,42,1,183,2,1,0.24483807,0.26985198,0.24942124,0.23588872
eegnet,42,1,184,0,1,0.24193488,0.27096656,0.25133175,0.23576677
eegnet,42,1,185,0,1,0.24756819,0.26796192,0.24570936,0.23876056
eegnet,42,1,186,3,1,0.2403609,0.2680715,0.2526767,0.2388909
eegnet,42,1,187,1,1,0.24423207,0.27097237,0.2502507,0.2345449
eegnet,42,1,188,2,1,0.24194987,0.27136832,0.24658443,0.24009733
eegnet,42,1,189,3,1,0.24429856,0.2685611,0.24589856,0.24124183
eegnet,42,1,190,2,1,0.24361897,0.27093735,0.25339025,0.23205341
eegnet,42,1,191,0,1,0.24592142,0.26607907,0.24827167,0.23972784
eegnet,42,1,192,0,1,0.24490166,0.2720968,0.24818256,0.23481892
eegnet,42,1,193,1,1,0.24511977,0.26958567,0.25007966,0.23521489
eegnet,42,1,194,3,1,0.24024239,0.26784146,0.24886502,0.24305114
eegnet,42,1,195,2,1,0.24358019,0.27739483,0.24942693,0.2295981
eegnet,42,1,196,3,1,0.23973282,0.26482868,0.24823873,0.24719977
eegnet,42,1,197,1,1,0.24547671,0.27365562,0.24652876,0.23433891
eegnet,42,1,198,1,1,0.24698837,0.26740253,0.24850003,0.23710908
eegnet,42,1,199,0,1,0.24341029,0.26935863,0.24911991,0.23811117
eegnet,42,1,200,0,1,0.24273683,0.26507637,0.24925882,0.24292797
eegnet,42,1,201,2,1,0.2415686,0.27205923,0.24986447,0.2365077
eegnet,42,1,202,3,1,0.2427921,0.26857302,0.25124544,0.23738942
eegnet,42,1,203,2,1,0.24320674,0.2752122,0.25285336,0.2287277
eegnet,42,1,204,2,1,0.24404073,0.2709677,0.24590747,0.23908414
eegnet,42,1,205,1,1,0.24399644,0.27089345,0.2516073,0.23350286
eegnet,42,1,206,2,1,0.2464309,0.26860222,0.2500601,0.23490676
eegnet,42,1,207,3,1,0.24717587,0.26555738,0.24724416,0.24002255
eegnet,42,1,208,3,1,0.24315444,0.26971352,0.24746084,0.2396712
eegnet,42,1,209,2,1,0.24774323,0.26410758,0.24884674,0.23930249
eegnet,42,1,210,2,1,0.24421407,0.26347375,0.2512391,0.24107309
eegnet,42,1,211,2,1,0.24167101,0.27166393,0.24915308,0.23751195
eegnet,42,1,212,2,1,0.2415292,0.27406594,0.2515509,0.23285392
eegnet,42,1,213,3,1,0.2446177,0.27013925,0.2525449,0.23269811
eegnet,42,1,214,3,1,0.24860844,0.26455194,0.24181265,0.24502699
eegnet,42,1,215,0,1,0.24014685,0.27419484,0.2503824,0.23527594
eegnet,42,1,216,3,1,0.2451541,0.26519915,0.24849918,0.24114758
eegnet,42,1,217,1,1,0.24604918,0.27446228,0.25023007,0.22925845
eegnet,42,1,218,2,1,0.24470788,0.27054405,0.25026324,0.23448476
eegnet,42,1,219,0,1,0.24113923,0.2690851,0.25146022,0.23831546
eegnet,42,1,220,2,1,0.24762549,0.26369652,0.24881594,0.2398621
eegnet,42,1,221,1,1,0.24604622,0.2679396,0.25187653,0.23413762
eegnet,42,1,222,3,1,0.2504951,0.25888485,0.24922977,0.2413903
eegnet,42,1,223,1,1,0.24436985,0.27214134,0.25271025,0.23077855
eegnet,42,1,224,3,1,0.24411505,0.26859882,0.24686141,0.24042471
eegnet,42,1,225,1,1,0.2412223,0.27253923,0.25227752,0.23396093
eegnet,42,1,226,1,1,0.24491756,0.27013376,0.25114155,0.23380715
eegnet,42,1,227,1,1,0.24470808,0.27318606,0.24693754,0.23516832
eegnet,42,1,228,1,1,0.24442092,0.274105,0.24920419,0.23226985
eegnet,42,1,229,0,1,0.2419509,0.26871088,0.2521318,0.23720638
eegnet,42,1,230,0,1,0.24585375,0.2666599,0.24771604,0.2397703
eegnet,42,1,231,3,1,0.25044614,0.2626439,0.24508034,0.24182962
eegnet,42,1,232,2,1,0.24581318,0.26724663,0.2477071,0.23923312
eegnet,42,1,233,0,1,0.24759047,0.26475158,0.24733149,0.2403265
eegnet,42,1,234,0,1,0.24186605,0.26912954,0.24941815,0.2395863
eegnet,42,1,235,0,1,0.24561304,0.2706469,0.24879089,0.23494922
eegnet,42,1,236,3,1,0.24313995,0.26850304,0.25180307,0.23655395
eegnet,42,1,237,0,1,0.24318548,0.27045223,0.24789113,0.23847121
eegnet,42,1,238,1,1,0.24375921,0.27535275,0.2514774,0.2294106
eegnet,42,1,239,0,1,0.23903145,0.27820662,0.2439773,0.23878466
eegnet,42,1,240,1,1,0.24324606,0.2745248,0.2511625,0.23106663
eegnet,42,1,241,3,1,0.24168849,0.26989585,0.25034523,0.23807043
eegnet,42,1,242,2,1,0.2423939,0.2735693,0.25144035,0.23259644
eegnet,42,1,243,3,1,0.24439351,0.26894364,0.2449141,0.24174874
eegnet,42,1,244,3,1,0.24644212,0.27329615,0.2420617,0.23820002
eegnet,42,1,245,0,1,0.2445531,0.27306873,0.24953793,0.23284025
eegnet,42,1,246,3,1,0.2426656,0.26971686,0.24928308,0.23833448
eegnet,42,1,247,3,1,0.24928115,0.26608866,0.24503525,0.23959497
eegnet,42,1,248,0,1,0.24728203,0.26889637,0.24870683,0.23511477
eegnet,42,1,249,2,1,0.24301922,0.27207685,0.25012293,0.23478106
eegnet,42,1,250,3,1,0.24384877,0.27274066,0.2486055,0.23480508
eegnet,42,1,251,0,1,0.24895357,0.26672402,0.2457577,0.23856473
eegnet,42,1,252,1,1,0.24481776,0.27165294,0.24670993,0.23681934
eegnet,42,1,253,2,1,0.24440044,0.2725734,0.2508636,0.23216249
eegnet,42,1,254,2,1,0.2426397,0.2708606,0.24915144,0.23734824
eegnet,42,1,255,2,1,0.24507529,0.26862535,0.25094867,0.23535071
eegnet,42,1,256,0,1,0.24523851,0.2727505,0.24705793,0.23495306
eegnet,42,1,257,2,1,0.24588571,0.27259874,0.24964349,0.23187202
eegnet,42,1,258,3,1,0.24612054,0.26733208,0.24860297,0.23794444
eegnet,42,1,259,0,1,0.2435497,0.26733544,0.25054547,0.23856933
eegnet,42,1,260,3,1,0.2455749,0.26790178,0.24426945,0.24225384
eegnet,42,1,261,2,1,0.23894212,0.27263397,0.25275734,0.23566657
eegnet,42,1,262,0,1,0.24505182,0.26815426,0.25258088,0.23421302
eegnet,42,1,263,1,1,0.24446471,0.26973718,0.2519126,0.23388551
eegnet,42,1,264,3,1,0.24131486,0.2673652,0.2468829,0.24443708
eegnet,42,1,265,1,1,0.2452957,0.27068985,0.25148904,0.23252544
eegnet,42,1,266,0,1,0.24627693,0.26468226,0.24707547,0.24196531
eegnet,42,1,267,3,1,0.24705727,0.2675475,0.24916053,0.23623474
eegnet,42,1,268,1,1,0.24052706,0.27313843,0.25083703,0.23549746
eegnet,42,1,269,0,1,0.24580355,0.27240852,0.24744543,0.23434249
eegnet,42,1,270,1,1,0.2448225,0.2716583,0.2520157,0.23150353
eegnet,42,1,271,2,1,0.24473895,0.266511,0.24898237,0.23976773
eegnet,42,1,272,2,1,0.24352624,0.2725898,0.2522616,0.23162235
eegnet,42,1,273,1,1,0.24206564,0.27418035,0.24603297,0.23772106
eegnet,42,1,274,3,1,0.24047732,0.26764634,0.24629231,0.24558406
eegnet,42,1,275,1,1,0.24353597,0.2721693,0.25161412,0.23268068
eegnet,42,1,276,3,1,0.250249,0.26752695,0.24428917,0.23793486
eegnet,42,1,277,0,1,0.24069774,0.26950297,0.24831732,0.24148194
eegnet,42,1,278,0,1,0.23972213,0.27110252,0.253334,0.23584133
eegnet,42,1,279,1,1,0.24587592,0.27596864,0.2451505,0.23300496
eegnet,42,1,280,0,1,0.24575694,0.26206508,0.24809712,0.24408084
eegnet,42,1,281,2,1,0.23975258,0.27515224,0.24986997,0.23522525
eegnet,42,1,282,2,1,0.24466653,0.27122062,0.2501841,0.23392878
eegnet,42,1,283,1,1,0.2449042,0.2632689,0.24904947,0.2427774
eegnet,42,1,284,0,1,0.24368678,0.27183983,0.25231087,0.23216258
eegnet,42,1,285,1,1,0.24570507,0.26961383,0.24847265,0.23620851
eegnet,42,1,286,2,1,0.24462472,0.2715297,0.25244457,0.23140101
eegnet,42,1,287,1,1,0.24457067,0.2667215,0.25007102,0.23863685
eegnet,42,1,288,1,1,0.2454231,0.2725909,0.24780099,0.23418503
eegnet,42,1,289,2,1,0.24244109,0.27008978,0.25339356,0.23407556
eegnet,42,1,290,2,1,0.24169447,0.27126792,0.25141466,0.23562296
eegnet,42,1,291,1,1,0.24509643,0.27516732,0.24794962,0.23178667
eegnet,42,1,292,2,1,0.24343273,0.26914638,0.25374535,0.23367555
eegnet,42,1,293,1,1,0.24410965,0.2681857,0.24917476,0.23852989
eegnet,42,1,294,2,1,0.24466051,0.2744822,0.25106764,0.22978966
eegnet,42,1,295,0,1,0.2419061,0.26795232,0.24141039,0.24873121
eegnet,42,1,296,2,1,0.24492586,0.2732683,0.25079846,0.23100738
eegnet,42,1,297,3,1,0.24214934,0.26835284,0.25237584,0.237122
eegnet,42,1,298,1,1,0.2447672,0.26867363,0.25065765,0.2359015
eegnet,42,1,299,0,1,0.24396865,0.26524982,0.24643716,0.2443444
eegnet,42,1,300,2,1,0.24391674,0.26550058,0.25208557,0.23849712
eegnet,42,1,301,1,1,0.24558054,0.2688462,0.24716215,0.2384111
eegnet,42,1,302,3,1,0.24581432,0.26894963,0.2464601,0.23877595
eegnet,42,1,303,3,1,0.24541736,0.27289447,0.24933821,0.23234996
eegnet,42,1,304,3,1,0.24289963,0.26520735,0.24295087,0.24894214
eegnet,42,1,305,3,1,0.24671069,0.271013,0.24641043,0.23586592
eegnet,42,1,306,3,1,0.24622743,0.26635054,0.24842931,0.2389927
eegnet,42,1,307,1,1,0.24272351,0.27341595,0.25137058,0.23248996
eegnet,42,1,308,0,1,0.24330492,0.27187753,0.24599282,0.23882477
eegnet,42,1,309,2,1,0.24357054,0.27360946,0.2476205,0.23519951
eegnet,42,1,310,1,1,0.24331424,0.2732477,0.25129226,0.23214579
eegnet,42,1,311,1,1,0.24522932,0.27004796,0.24730839,0.23741433
eegnet,42,1,312,0,1,0.24596456,0.2643138,0.249288,0.24043371
eegnet,42,1,313,3,1,0.24416909,0.27172294,0.24935235,0.2347556
eegnet,42,1,314,1,1,0.24052428,0.27379447,0.25305054,0.23263068
eegnet,42,1,315,0,1,0.24519369,0.27198216,0.25059676,0.2322274
eegnet,42,1,316,0,1,0.24999426,0.263607,0.2465283,0.23987047
eegnet,42,1,317,0,1,0.24611028,0.2699673,0.24731676,0.23660572
eegnet,42,1,318,1,1,0.24442366,0.27158177,0.2494584,0.2345362
eegnet,42,1,319,2,1,0.24015215,0.2715977,0.25551417,0.23273593
eegnet,42,1,320,1,1,0.24587297,0.27326533,0.2471644,0.23369731
eegnet,42,1,321,2,1,0.24377958,0.27593672,0.24938911,0.23089463
eegnet,42,1,322,2,1,0.24259526,0.27125862,0.25290722,0.23323895
eegnet,42,1,323,1,1,0.24391517,0.2690612,0.24993137,0.23709229
eegnet,42,1,324,2,1,0.24294327,0.26643917,0.25276467,0.2378529
eegnet,42,1,325,0,1,0.24975294,0.26371387,0.24771862,0.23881453
eegnet,42,1,326,2,1,0.24223413,0.27242306,0.2507636,0.23457925
eegnet,42,1,327,0,1,0.24055724,0.27470827,0.25283626,0.23189822
eegnet,42,1,328,0,1,0.24381854,0.2687635,0.24722378,0.24019417
eegnet,42,1,329,3,1,0.24484566,0.27112967,0.24730377,0.23672095
eegnet,42,1,330,0,1,0.24276654,0.2647607,0.24945757,0.24301516
eegnet,42,1,331,0,1,0.24665557,0.27404976,0.24731177,0.23198293
eegnet,42,1,332,3,1,0.24246056,0.27174303,0.24707398,0.23872238
eegnet,42,1,333,3,1,0.24466798,0.26808926,0.25300354,0.23423922
eegnet,42,1,334,3,1,0.239596,0.26627088,0.24918178,0.2449514
eegnet,42,1,335,3,1,0.24532907,0.26658383,0.246394,0.24169315
eegnet,42,1,336,3,1,0.24418212,0.2715952,0.25006682,0.23415588
eegnet,42,1,337,0,1,0.24243489,0.27001882,0.24564026,0.24190599
eegnet,42,1,338,2,1,0.24489337,0.27657586,0.24823496,0.23029578
eegnet,42,1,339,1,1,0.24571519,0.2714624,0.25119728,0.23162512
eegnet,42,1,340,1,1,0.24533929,0.2705338,0.24806234,0.23606457
eegnet,42,1,341,2,1,0.23937556,0.2742229,0.25311616,0.23328538
eegnet,42,1,342,0,1,0.24275081,0.2702495,0.25139338,0.23560636
eegnet,42,1,343,3,1,0.2398538,0.27113703,0.2505901,0.23841913
eegnet,42,1,344,2,1,0.24354671,0.27168545,0.25163904,0.23312877
eegnet,42,1,345,0,1,0.24479882,0.27085644,0.24743694,0.23690784
eegnet,42,1,346,1,1,0.2448552,0.26889685,0.25140604,0.23484191
eegnet,42,1,347,1,1,0.24624002,0.27608564,0.24957569,0.22809865
eegnet,42,1,348,1,1,0.24400927,0.2747554,0.25124758,0.22998773
eegnet,42,1,349,3,1,0.24012744,0.26926136,0.25330633,0.2373049
eegnet,42,1,350,2,1,0.2437672,0.27063072,0.25123915,0.23436299
eegnet,42,1,351,2,1,0.24125749,0.27077505,0.25402308,0.23394439
eegnet,42,1,352,1,1,0.24331845,0.2745256,0.25120434,0.23095162
eegnet,42,1,353,1,1,0.24264976,0.27470443,0.24213606,0.24050981
eegnet,42,1,354,0,1,0.24270739,0.2642873,0.25088188,0.24212341
eegnet,42,1,355,1,1,0.24223852,0.26855248,0.25077572,0.23843333
eegnet,42,1,356,2,1,0.24465914,0.26884714,0.24710228,0.23939145
eegnet,42,1,357,3,1,0.24156247,0.26986933,0.25444123,0.23412694
eegnet,42,1,358,3,1,0.24207483,0.27622512,0.2475788,0.23412123
eegnet,42,1,359,0,1,0.24819373,0.26712856,0.24521111,0.2394666
eegnet,42,1,360,1,1,0.2432178,0.27399948,0.25389865,0.22888406
eegnet,42,1,361,3,1,0.24504557,0.2694747,0.24724557,0.23823422
eegnet,42,1,362,3,1,0.24312507,0.26794386,0.25407922,0.23485184
eegnet,42,1,363,2,1,0.24258278,0.27572563,0.2522188,0.2294728
eegnet,42,1,364,3,1,0.24852847,0.26561537,0.25175276,0.23410337
eegnet,42,1,365,3,1,0.24219678,0.2677487,0.24426639,0.24578808
eegnet,42,1,366,2,1,0.24581163,0.271262,0.24946886,0.23345752
eegnet,42,1,367,1,1,0.24373299,0.26816633,0.2527672,0.23533341
eegnet,42,1,368,2,1,0.24447191,0.27131894,0.2515678,0.23264131
eegnet,42,1,369,0,1,0.24060585,0.27388513,0.2505688,0.23494023
eegnet,42,1,370,0,1,0.24297296,0.27230617,0.25033873,0.23438214
eegnet,42,1,371,0,1,0.24018356,0.27107528,0.24703194,0.24170923
eegnet,42,1,372,3,1,0.24126008,0.26887354,0.2526821,0.2371843
eegnet,42,1,373,0,1,0.24499078,0.27049157,0.25084934,0.23366833
eegnet,42,1,374,1,1,0.24748512,0.2652795,0.24708582,0.24014951
eegnet,42,1,375,3,1,0.2445394,0.2710426,0.25064886,0.23376913
eegnet,42,1,376,2,1,0.24665532,0.27153802,0.25208807,0.22971855
eegnet,42,1,377,0,1,0.24414112,0.27283663,0.24398458,0.23903763
eegnet,42,1,378,2,1,0.24392915,0.26953128,0.2528548,0.23368481
eegnet,42,1,379,0,1,0.24899904,0.25733936,0.24965458,0.24400704
eegnet,42,1,380,3,1,0.2438514,0.2671179,0.24620107,0.24282965
eegnet,42,1,381,2,1,0.24365158,0.27406257,0.25031158,0.2319742
eegnet,42,1,382,0,1,0.24143106,0.2665924,0.25437772,0.23759878
eegnet,42,1,383,1,1,0.24388231,0.27116254,0.2526353,0.23231988
eegnet,42,1,384,1,1,0.24457228,0.2740164,0.25091836,0.23049293
eegnet,42,1,385,1,1,0.24607238,0.27398846,0.2515399,0.22839925
eegnet,42,1,386,3,1,0.24550241,0.26980358,0.25271773,0.23197626
eegnet,42,1,387,2,1,0.24412481,0.27335793,0.25210866,0.23040855
eegnet,42,1,388,1,1,0.2427332,0.272,0.24962835,0.23563845
eegnet,42,1,389,0,1,0.24719039,0.2620333,0.2477086,0.24306768
eegnet,42,1,390,1,1,0.24766622,0.2708665,0.24912544,0.23234187
eegnet,42,1,391,0,1,0.24887703,0.26710525,0.2465413,0.23747642
eegnet,42,1,392,2,1,0.24243389,0.27244237,0.2521524,0.23297133
eegnet,42,1,393,3,1,0.24686536,0.26416382,0.250093,0.23887783
eegnet,42,1,394,1,1,0.2406197,0.27389708,0.25253847,0.23294476
eegnet,42,1,395,0,1,0.24650446,0.27214172,0.24515937,0.23619443
eegnet,42,1,396,0,1,0.245344,0.26801628,0.24714398,0.23949572
eegnet,42,1,397,1,1,0.24367137,0.27483782,0.24996477,0.23152606
eegnet,42,1,398,0,1,0.24384944,0.27087444,0.25041068,0.23486543
eegnet,42,1,399,2,1,0.2441183,0.2730283,0.2508978,0.23195559
eegnet,42,1,400,3,1,0.2482201,0.2720377,0.24480495,0.23493722
eegnet,42,1,401,3,1,0.24546313,0.26887453,0.25218353,0.23347884
eegnet,42,1,402,3,1,0.24351446,0.2684851,0.25153834,0.23646207
eegnet,42,1,403,0,1,0.2446362,0.2727339,0.25293726,0.22969268
eegnet,42,1,404,1,1,0.24322116,0.2758817,0.2526009,0.22829618
eegnet,42,1,405,3,1,0.24515054,0.2702166,0.24540475,0.23922807
eegnet,42,1,406,2,1,0.24501579,0.2734439,0.25046286,0.23107745
eegnet,42,1,407,3,1,0.24245203,0.27585486,0.24596289,0.23573022
eegnet,42,1,408,2,1,0.24218081,0.2746714,0.24783124,0.23531647
eegnet,42,1,409,1,1,0.24472223,0.27084103,0.24771799,0.23671879
eegnet,42,1,410,0,1,0.24347842,0.27316365,0.24862428,0.23473367
eegnet,42,1,411,2,1,0.24182083,0.27100646,0.24949238,0.23768032
eegnet,42,1,412,1,1,0.24466167,0.2742123,0.25005007,0.23107593
eegnet,42,1,413,0,1,0.24143638,0.26832473,0.25864694,0.231592
eegnet,42,1,414,0,1,0.24143605,0.27667788,0.25458288,0.22730322
eegnet,42,1,415,1,1,0.24447285,0.27139258,0.2493259,0.23480871
eegnet,42,1,416,0,1,0.24414682,0.27133211,0.2565914,0.22792964
eegnet,42,1,417,3,1,0.24369848,0.2710746,0.24912557,0.23610133
eegnet,42,1,418,3,1,0.24466787,0.27121675,0.24917974,0.23493564
eegnet,42,1,419,2,1,0.24122764,0.26921248,0.25108042,0.23847948
eegnet,42,1,420,1,1,0.2429975,0.270897,0.24697845,0.23912705
eegnet,42,1,421,2,1,0.2443058,0.2711155,0.2506841,0.23389454
eegnet,42,1,422,3,1,0.24474074,0.2719207,0.24661767,0.23672085
eegnet,42,1,423,2,1,0.24364746,0.26885402,0.25268757,0.23481093
eegnet,42,1,424,3,1,0.2468592,0.2653239,0.25033358,0.23748328
eegnet,42,1,425,0,1,0.24705915,0.25753587,0.25167364,0.24373133
eegnet,42,1,426,2,1,0.24714857,0.27223828,0.25145343,0.2291597
eegnet,42,1,427,2,1,0.24209951,0.27183005,0.2512933,0.23477715
eegnet,42,1,428,2,1,0.24495234,0.27175435,0.24960017,0.23369315
eegnet,42,1,429,0,1,0.2445282,0.27353108,0.2520727,0.229868
eegnet,42,1,430,3,1,0.24302515,0.27347717,0.24962708,0.23387061
eegnet,42,1,431,1,1,0.24277546,0.27420542,0.2517367,0.23128243
eegnet,42,1,432,2,1,0.24350533,0.27057225,0.2510048,0.23491761
eegnet,42,1,433,3,1,0.25116834,0.26754513,0.24566092,0.23562562
eegnet,42,1,434,1,1,0.24433164,0.27119115,0.2485107,0.23596653
eegnet,42,1,435,0,1,0.24720359,0.26839697,0.24335071,0.24104875
eegnet,42,1,436,0,1,0.24267058,0.26983577,0.25329667,0.234197
eegnet,42,1,437,3,1,0.24350493,0.268911,0.25197288,0.23561119
eegnet,42,1,438,1,1,0.24454045,0.2723185,0.2532271,0.22991392
eegnet,42,1,439,1,1,0.24514608,0.2727417,0.24763015,0.23448208
eegnet,42,1,440,0,1,0.2486857,0.2680634,0.24630119,0.2369497
eegnet,42,1,441,2,1,0.24120867,0.2738538,0.25137436,0.23356315
eegnet,42,1,442,3,1,0.24491186,0.2686066,0.24660923,0.23987235
eegnet,42,1,443,3,1,0.24640551,0.26930436,0.24722841,0.23706172
eegnet,42,1,444,3,1,0.24553032,0.26586574,0.25395086,0.23465309
eegnet,42,1,445,2,1,0.2421649,0.27355823,0.24641281,0.23786406
eegnet,42,1,446,1,1,0.24329096,0.2726894,0.2478468,0.23617287
eegnet,42,1,447,0,1,0.2412841,0.27237442,0.24845147,0.23789
eegnet,42,1,448,2,1,0.24294919,0.27455255,0.25198743,0.23051086
eegnet,42,1,449,3,1,0.24737026,0.27112335,0.24799845,0.23350796
eegnet,42,1,450,1,1,0.24234961,0.27560428,0.24779706,0.23424906
eegnet,42,1,451,3,1,0.24317303,0.27292755,0.24398927,0.23991014
eegnet,42,1,452,0,1,0.24540237,0.26584205,0.25130084,0.2374547
eegnet,42,1,453,2,1,0.24188186,0.27151868,0.24956721,0.23703225
eegnet,42,1,454,3,1,0.24352993,0.26804554,0.25002784,0.2383967
eegnet,42,1,455,3,1,0.23956414,0.27232772,0.251248,0.23686016
eegnet,42,1,456,1,1,0.24105072,0.2703528,0.25011295,0.23848355
eegnet,42,1,457,2,1,0.24482085,0.26427543,0.25360018,0.23730351
eegnet,42,1,458,2,1,0.24439871,0.27240843,0.2483746,0.23481826
eegnet,42,1,459,0,1,0.24503212,0.2721197,0.25043175,0.23241642
eegnet,42,1,460,3,1,0.23936905,0.27036145,0.24784331,0.24242617
eegnet,42,1,461,2,1,0.24400133,0.2719053,0.25198513,0.2321082
eegnet,42,1,462,1,1,0.24623759,0.26192454,0.2457176,0.2461203
eegnet,42,1,463,1,1,0.24881002,0.26632133,0.24068262,0.24418606
eegnet,42,1,464,3,1,0.24574822,0.26759866,0.24905014,0.23760296
eegnet,42,1,465,2,1,0.2448573,0.26731068,0.24678317,0.24104884
eegnet,42,1,466,1,1,0.24372338,0.2697379,0.25004593,0.23649283
eegnet,42,1,467,0,1,0.24318409,0.27108768,0.24737783,0.23835044
eegnet,42,1,468,2,1,0.24168141,0.2705859,0.24924918,0.23848353
eegnet,42,1,469,2,1,0.24660072,0.2641559,0.2499673,0.2392761
eegnet,42,1,470,0,1,0.24452516,0.26949215,0.24917483,0.23680785
eegnet,42,1,471,1,1,0.24264337,0.26910856,0.24961832,0.23862976
eegnet,42,1,472,3,1,0.2446118,0.26310685,0.2504491,0.24183224
eegnet,42,1,473,0,1,0.24529272,0.27043387,0.24959163,0.23468174
eegnet,42,1,474,0,1,0.24359788,0.26562163,0.25037003,0.24041043
eegnet,42,1,475,0,1,0.24413788,0.26857817,0.24767368,0.23961028
eegnet,42,1,476,0,1,0.240266,0.27586547,0.24684118,0.23702733
eegnet,42,1,477,1,1,0.24269894,0.27329794,0.25314963,0.2308535
eegnet,42,1,478,2,1,0.24151902,0.2738436,0.25052354,0.23411387
eegnet,42,1,479,1,1,0.24599412,0.2699319,0.25253206,0.23154192
eegnet,42,1,480,2,1,0.24313365,0.27355835,0.24945515,0.2338528
eegnet,42,1,481,1,1,0.24115656,0.2680008,0.24965131,0.24119133
eegnet,42,1,482,1,1,0.24296089,0.26937413,0.25023323,0.23743175
eegnet,42,1,483,0,1,0.24194245,0.26122722,0.25090098,0.24592935
eegnet,42,1,484,0,1,0.2415213,0.2751408,0.24870665,0.23463127
eegnet,42,1,485,2,1,0.2436078,0.2715595,0.2502313,0.23460138
eegnet,42,1,486,0,1,0.24538237,0.2699114,0.24311219,0.24159408
eegnet,42,1,487,3,1,0.24378993,0.2703911,0.24733824,0.23848078
eegnet,42,1,488,1,1,0.24217466,0.27387658,0.24873912,0.23520966
eegnet,42,1,489,3,1,0.24691722,0.2662397,0.24525751,0.24158558
eegnet,42,1,490,1,1,0.24304006,0.27210504,0.24550846,0.23934639
eegnet,42,1,491,1,1,0.24321906,0.2675414,0.24454685,0.24469265
eegnet,42,1,492,2,1,0.24544284,0.26545957,0.24690033,0.24219725
eegnet,42,1,493,3,1,0.2453229,0.27736995,0.2419045,0.23540261
eegnet,42,1,494,0,1,0.24559295,0.26698017,0.25094453,0.23648232
eegnet,42,1,495,2,1,0.24291414,0.271776,0.24785854,0.23745131
eegnet,42,1,496,3,1,0.24861825,0.26835006,0.24792643,0.2351052
eegnet,42,1,497,0,1,0.244439,0.26870465,0.24917598,0.23768033
eegnet,42,1,498,3,1,0.2449142,0.2692312,0.24516882,0.24068582
eegnet,42,1,499,0,1,0.24493922,0.263011,0.25038022,0.24166952
eegnet,42,1,500,3,1,0.24114935,0.27157816,0.24072503,0.24654742
eegnet,42,1,501,2,1,0.24316902,0.2713538,0.24948005,0.23599714
eegnet,42,1,502,2,1,0.24625486,0.27193,0.24725741,0.23455767
eegnet,42,1,503,3,1,0.24112198,0.26595905,0.24408714,0.24883184
eegnet,42,1,504,1,1,0.2410887,0.27095163,0.2485718,0.23938793
eegnet,42,1,505,2,1,0.24665436,0.27398166,0.24611218,0.2332518
eegnet,42,1,506,2,1,0.24387991,0.26854143,0.2438705,0.24370816
eegnet,42,1,507,2,1,0.24808633,0.27205446,0.24395868,0.23590055
eegnet,42,1,508,0,1,0.24427819,0.26851204,0.24399573,0.24321406
eegnet,42,1,509,3,1,0.24083862,0.2675805,0.2488989,0.24268202
eegnet,42,1,510,1,1,0.24441575,0.26961803,0.24521281,0.24075343
eegnet,42,1,511,3,1,0.24311543,0.2664655,0.24587259,0.24454649
eegnet,42,1,512,1,1,0.24243553,0.26734835,0.24648994,0.2437262
eegnet,42,1,513,0,1,0.24664386,0.2673811,0.24507652,0.24089852
eegnet,42,1,514,1,1,0.24623668,0.2705514,0.24795139,0.23526053
eegnet,42,1,515,3,1,0.24543087,0.27050018,0.2473298,0.23673916
eegnet,42,1,516,1,1,0.24293758,0.27346933,0.25047076,0.2331223
eegnet,42,1,517,0,1,0.24593286,0.2677438,0.2488932,0.2374302
eegnet,42,1,518,1,1,0.24461822,0.27412966,0.24950895,0.2317432
eegnet,42,1,519,2,1,0.2437143,0.26426885,0.25016347,0.2418534
eegnet,42,1,520,0,1,0.24349435,0.2699844,0.24968205,0.23683919
eegnet,42,1,521,0,1,0.24325664,0.26757884,0.25085956,0.23830496
eegnet,42,1,522,3,1,0.24486914,0.26367897,0.2462669,0.24518493
eegnet,42,1,523,1,1,0.24351911,0.27442077,0.24559893,0.23646119
eegnet,42,1,524,2,1,0.24261357,0.27182972,0.24961028,0.23594637
eegnet,42,1,525,3,1,0.2483829,0.26548523,0.24695967,0.23917224
eegnet,42,1,526,2,1,0.24780641,0.26582426,0.24528001,0.24108928
eegnet,42,1,527,0,1,0.24684803,0.26771712,0.2414681,0.2439667
eegnet,42,1,528,0,1,0.2424049,0.2724511,0.2486088,0.23653524
eegnet,42,1,529,1,1,0.24616893,0.2720401,0.2450403,0.23675068
eegnet,42,1,530,3,1,0.24318649,0.26688766,0.24589683,0.244029
eegnet,42,1,531,2,1,0.24437812,0.27155745,0.24894983,0.23511462
eegnet,42,1,532,3,1,0.24280356,0.27267662,0.242198,0.24232183
eegnet,42,1,533,1,1,0.24504985,0.27246776,0.24790408,0.2345783
eegnet,42,1,534,1,1,0.23990075,0.2714782,0.25449723,0.23412375
eegnet,42,1,535,0,1,0.23859943,0.27239683,0.2520159,0.23698789
eegnet,42,1,536,0,1,0.24089478,0.27458104,0.2530757,0.23144847
eegnet,42,1,537,2,1,0.24149485,0.2729456,0.25067222,0.23488733
eegnet,42,1,538,3,1,0.24404937,0.26679742,0.24550241,0.24365081
eegnet,42,1,539,2,1,0.2453996,0.27033603,0.25124243,0.233022
eegnet,42,1,540,2,1,0.24305803,0.27120924,0.25110576,0.23462698
eegnet,42,1,541,1,1,0.24457313,0.27052835,0.24847275,0.23642577
eegnet,42,1,542,2,1,0.24105863,0.27245107,0.2492395,0.23725078
eegnet,42,1,543,3,1,0.23895092,0.2697559,0.25307885,0.23821433
eegnet,42,1,544,3,1,0.24458112,0.27185112,0.24756663,0.2360011
eegnet,42,1,545,2,1,0.2417164,0.27300036,0.24870527,0.23657797
eegnet,42,1,546,2,1,0.240967,0.27210686,0.25033617,0.23658994
eegnet,42,1,547,2,1,0.2423267,0.27125785,0.2515462,0.23486923
eegnet,42,1,548,2,1,0.2399981,0.27320826,0.25301975,0.23377392
eegnet,42,1,549,3,1,0.24269792,0.2701485,0.24661428,0.2405393
eegnet,42,1,550,3,1,0.2500978,0.26751024,0.24414791,0.23824404
eegnet,42,1,551,0,1,0.2418793,0.27037063,0.2523445,0.2354056
eegnet,42,1,552,3,1,0.23924378,0.2690937,0.24691413,0.2447484
eegnet,42,1,553,1,1,0.24423303,0.27286875,0.24922343,0.23367481
eegnet,42,1,554,2,1,0.24631946,0.26589057,0.2516519,0.23613812
eegnet,42,1,555,0,1,0.24152438,0.2708081,0.24860777,0.23905972
eegnet,42,1,556,2,1,0.24533397,0.27134785,0.2502825,0.23303565
eegnet,42,1,557,1,1,0.24451321,0.27262703,0.24654584,0.23631395
eegnet,42,1,558,3,1,0.24675328,0.26909542,0.24539956,0.23875174
eegnet,42,1,559,1,1,0.24537522,0.27053466,0.24939057,0.23469956
eegnet,42,1,560,3,1,0.24720751,0.26762152,0.24660322,0.23856777
eegnet,42,1,561,1,1,0.24638715,0.26678696,0.24110685,0.24571903
eegnet,42,1,562,1,1,0.24558349,0.27148464,0.24879055,0.23414132
eegnet,42,1,563,1,1,0.24381836,0.27466598,0.24436426,0.23715137
eegnet,42,1,564,1,1,0.24050686,0.271152,0.25138935,0.23695178
eegnet,42,1,565,0,1,0.24214083,0.27300698,0.25307715,0.23177505
eegnet,42,1,566,0,1,0.23947822,0.26519716,0.2496278,0.24569684
eegnet,42,1,567,3,1,0.24359626,0.26797852,0.24439761,0.24402757
eegnet,42,1,568,2,1,0.24245524,0.27915198,0.24610738,0.23228537
eegnet,42,1,569,0,1,0.24142224,0.2741664,0.24915896,0.23525237
eegnet,42,1,570,0,1,0.24751101,0.26948595,0.24968763,0.23331541
eegnet,42,1,571,0,1,0.24131937,0.27270955,0.24649267,0.23947841
eegnet,42,1,572,3,1,0.24142793,0.2715574,0.24908018,0.23793451
eegnet,42,1,573,0,1,0.2399815,0.27279422,0.25063744,0.23658684
eegnet,42,1,574,1,1,0.24526864,0.2716513,0.24757777,0.23550226
eegnet,42,1,575,0,1,0.24411449,0.26872346,0.24920726,0.2379548
