subject,group,delta_theta_4_8,delta_theta_4_8_relative,mu_8_13,mu_8_13_relative,beta_13_30,beta_13_30_relative,high_beta_30_40,high_beta_30_40_relative
4,weak,8.148027631824178,0.23569893386984161,10.644189344301981,0.30790569125733697,12.57478585148585,0.3637522788043411,1.1635122298803446,0.03365705229768874
7,weak,7.0298436549507635,0.21628237321668878,11.760857227806039,0.3618382196168989,10.676932404190563,0.32848984876444953,0.8241032252570272,0.025354618122778956
6,weak,23.277886070140298,0.29856827783494505,30.611764931969915,0.3926345334660939,15.235899832306192,0.19541965110107487,2.2989239947620375,0.029486602688978486
2,weak,8.051555801690887,0.12287075848588248,17.486171131179614,0.2668476953796646,28.29899412831457,0.43185676887482105,8.394007223148964,0.12809673802766075
5,weak,8.043993624521253,0.2889096867143,5.444993066833078,0.1955634619481571,10.963207394198788,0.393756753360229,1.6676944147278987,0.059897246738917054
1,reference,8.796504737063625,0.22550478250325776,12.341324659593905,0.3163788136710334,13.112092815439075,0.33613801468776844,2.3246008622051093,0.059592830050977215
3,reference,8.31744266393763,0.1296571832385279,25.99747611609988,0.4052639327637559,21.66535232442477,0.3377322417183149,5.6298276529125255,0.0877610613127377
8,reference,9.48978078365711,0.10040475029632744,44.23267478123513,0.46799507465936047,31.484591358809404,0.33311649717001396,4.540486096044881,0.048039715889163705
9,reference,22.314032430806225,0.1844449348024388,76.00387840705243,0.6282383267565579,15.311818189977528,0.12656552850833877,1.2644946081426676,0.010452150514710126
